{"cameraMode":{"drawMode":0,"name":"Shaded","section":"Shading Mode"},"sceneLighting":true,"audioPlay":false,"sceneViewState":{"showFog":true,"showMaterialUpdate":false,"showSkybox":true,"showFlares":true,"showImageEffects":true,"showParticleSystems":true},"in2DMode":false,"pivot":{"x":1.8434393405914307,"y":1.5747689008712769,"z":-1.197706937789917},"rotation":{"x":-0.18121491372585298,"y":0.7233843207359314,"z":-0.2070077508687973,"w":-0.6332891583442688},"size":5.208415508270264,"orthographic":false}