{"cameraMode":{"drawMode":0,"name":"Shaded","section":"Shading Mode"},"sceneLighting":true,"audioPlay":false,"sceneViewState":{"showFog":true,"showMaterialUpdate":false,"showSkybox":true,"showFlares":true,"showImageEffects":true,"showParticleSystems":true},"in2DMode":false,"pivot":{"x":-0.32246291637420657,"y":1.2761355638504029,"z":-0.8853086233139038},"rotation":{"x":-0.1240190640091896,"y":-0.7961516976356506,"z":0.1744518131017685,"w":-0.5659881830215454},"size":1.123331069946289,"orthographic":false}